x1,x2,x3,x4,x5,x6,y
-24.29943,-120.97624,1303579911,100.1023686,690.6121024,193.2779586,597.0815036
33.68994,-87.78776,1392571644,99.57602833,681.2412271,201.7793026,601.1507798
73.24937,146.5522,1274497080,97.50714062,702.5647232,202.3463813,602.4443632
-24.0328,-50.35384,1512375802,100.1374174,673.2447298,196.897541,590.5141962
-59.8022,-68.48529,1470067444,99.7288205,683.2589605,195.6334213,599.6744542
-83.22278,-164.99814,1354609021,101.2428503,705.5737655,203.5006716,598.1428409
84.83123,-66.72033,1321172337,99.84311762,690.4830838,199.8173937,596.3352267
-59.58731,-37.80834,1461156880,101.7699205,673.3887549,203.7048161,598.0357272
-66.77738,-166.46722,1437333373,100.4369878,712.8199776,206.4575513,604.4423887
-7.45161,87.06464,1323880887,102.9173576,718.0734188,202.7057764,596.2576671
28.44391,-39.713,1304014433,100.4201926,707.1106224,198.7482936,598.7570868
-28.30372,-58.68673,1494370488,100.9968133,697.0869919,198.9081742,596.0489512
72.42267,-150.05108,1384333922,99.45783975,708.0726111,205.0438163,610.8547767
19.80194,132.01966,1465083699,102.1035507,708.9501161,207.836829,611.8129888
80.05649,4.22518,1304149773,99.95704336,717.8419529,200.3105413,600.3176786
-7.534,146.40578,1319272082,97.25883224,702.9904824,195.8119755,595.2669566
-20.3303,136.90836,1412031212,99.84900958,692.1191547,200.2916445,594.9254303
-83.48708,-33.43443,1319799642,98.07083506,704.0704579,199.7935601,605.6574713
12.32247,81.87672,1349771762,100.3734613,704.1751276,201.8318598,596.2292878
8.37019,-14.95607,1384435265,101.0924643,674.0977371,204.3880958,602.8474607
47.79209,-22.99249,1465568501,98.57752216,679.282225,205.5862586,592.7129422
-52.85033,-20.06227,1419005211,101.485162,730.2553693,194.705702,603.3525867
-63.04697,171.69787,1404648354,100.4444606,695.9478625,197.4069482,590.9190794
-62.12157,8.67912,1318606840,101.0231485,718.0993288,197.9671708,604.2653886
-86.92471,-52.62607,1312135368,100.1568096,723.2550467,204.0668639,602.7014098
-47.43563,-72.93698,1361115375,100.1354928,702.6081839,197.5415778,595.4170501
-41.85581,174.9012,1330163660,102.0013775,714.5577224,200.2140334,595.8980718
-36.99409,61.1654,1337830701,100.2723955,708.8254761,204.8459016,604.3548902
34.8802,8.66281,1424491042,100.0974308,701.5029926,198.1187853,597.4947232
12.38483,-30.90776,1411695389,98.95653176,710.8245261,194.8610242,592.6623014
-76.4727,-97.68045,1393886590,99.71905781,731.9840771,203.4412426,606.5694184
-7.67838,16.10385,1333720534,99.56713639,691.9883883,203.9236033,590.6438802
48.17778,-102.72752,1412528891,102.3938582,688.051124,205.406093,608.8492798
-43.606,82.71106,1287931307,101.1479187,699.2448602,197.4591676,597.0413024
6.785,39.36384,1380107582,103.5034905,695.1208434,198.7289305,599.1877865
6.30754,-39.30233,1282573488,101.6858296,714.6377397,195.7024989,599.5491114
-65.11283,-145.68732,1392089363,102.834602,683.0078649,204.3009796,603.7110142
-84.49274,51.83552,1306329554,101.9309327,697.0447894,193.9934159,606.9302945
13.64161,-40.79479,1284971773,98.68640609,695.2760602,206.0729525,586.4356886
-42.57293,99.91863,1341912969,100.734208,697.5666675,204.1024842,591.1031919
87.16897,-19.48061,1388413048,97.81691188,684.3861555,206.4776019,604.8991589
-24.05925,75.84856,1437344359,101.7712957,699.0923754,193.752362,601.4324559
-40.68412,140.55939,1316946520,103.8833501,704.3744795,198.9696084,596.967536
-22.80017,-162.24798,1301924946,101.3776898,707.1133342,206.6011743,609.8690885
-16.11051,-28.80473,1281617649,101.0672251,692.4099978,198.4756115,602.6523313
44.94703,2.33835,1405776978,100.9073503,709.8547133,200.415445,601.3190939
-8.70497,-135.85178,1418472023,99.80975666,710.8870079,197.0682331,606.1242461
-68.70912,-80.98642,1373088298,99.19655645,685.819878,210.4798289,593.7157816
36.81266,-149.82867,1325626127,96.65744461,727.6523832,203.6269548,604.1195716
31.16804,-69.51531,1408850153,99.97527989,707.618625,189.4464595,597.8106418
-38.84123,66.389,1262663580,99.99956532,693.1490164,204.4124743,607.398807
78.25787,-105.23263,1382077039,97.50608374,683.9899765,203.1051509,603.8876654
52.91111,6.94627,1439655514,101.5846442,704.3759837,193.9979172,592.7485206
70.93566,14.80467,1268596019,98.53361162,701.0637033,204.8674202,598.8726398
54.17188,-152.63625,1409893771,98.62481309,701.6700587,188.0829142,603.6671432
-26.38589,-9.45702,1471862175,100.8061513,703.8077871,191.4001479,609.6155683
-57.26326,-169.05442,1273338099,99.06092844,715.6141474,195.485899,604.0118661
41.98211,-29.60392,1475119220,99.27699712,704.7889491,198.2013084,598.7680521
-32.50649,64.8635,1420342132,100.1836362,690.2254923,200.6283149,595.6111977
16.83491,-125.3733,1312563020,100.5941056,696.9713407,201.1634042,608.9176464
44.12185,6.30313,1351474671,100.2643765,711.9336812,195.2656124,592.7600612
4.41993,96.43555,1271524274,98.24028255,717.4939111,197.375552,589.7272743
81.57239,-170.2547,1334498181,98.3343708,695.4206061,197.038222,597.577567
-34.03292,-142.42698,1341782040,97.78631755,685.3412348,199.1844708,596.9313178
-81.758,40.90195,1357461899,99.45018067,721.6343737,202.8528557,598.993755
-64.99569,-85.15889,1317419508,100.6273121,698.9670951,201.8231426,595.4334554
47.20412,-90.11643,1382045935,101.7141393,728.4267718,204.5544212,606.4455669
75.11265,-116.10939,1426839317,99.31252789,695.6228347,205.2139957,601.4707551
-65.55105,-124.84207,1461142576,100.7457331,704.342178,192.8730786,599.4098688
-74.30307,173.01112,1469365887,99.31901838,705.9003863,195.989137,596.4101598
-13.75906,-44.92216,1432376563,99.11692572,698.655019,191.5962917,597.97882
79.95949,71.17877,1294599173,97.79884748,695.2500435,190.42055,595.8028443
-72.81594,26.02663,1377778907,102.8275844,718.0316843,200.282584,595.1271344
-42.93553,-35.60515,1505639497,99.27522395,710.4760541,202.2856083,600.2660997
79.42945,-74.79561,1263721818,100.6997152,699.7407473,194.9988812,601.1234008
73.23979,-95.08165,1508140448,100.9174285,707.3783264,199.030635,600.7034229
-10.81798,48.85394,1274134643,98.75242457,704.1835616,199.1329199,594.1366841
-6.25753,-38.3943,1505594983,99.13163122,687.7954534,206.1410506,592.8369339
79.18103,-159.71522,1281085156,100.6564967,716.7935642,197.403745,594.2555791
-41.61095,-138.73918,1361142163,100.6484418,703.9213435,205.0752204,604.8857088
58.49536,129.18325,1277214533,100.8384637,690.6961631,200.2252193,593.9519329
82.89539,-80.32506,1490437266,97.74670448,687.7392016,196.9585704,597.0268126
16.92755,-11.04561,1285537012,100.3960932,704.6549509,195.6500975,599.6037473
52.16403,19.51392,1504812230,99.99740546,706.2998261,201.0818077,595.3935196
-18.18033,-120.4462,1350369466,98.83061082,679.3464001,197.8714884,596.9414167
-24.48718,146.81351,1334697952,100.1084801,720.4791799,198.3815401,595.9936839
14.5841,119.60407,1302045982,102.3032004,704.4805855,202.0814449,597.8315592
-1.26007,-4.04537,1332921686,99.16666878,682.6237514,202.7625861,600.4444587
-70.73353,104.3468,1376906340,98.12324957,687.7786186,198.4791163,604.7830179
-18.55776,69.72032,1383216868,100.3979082,711.1411419,204.2125455,599.4040073
55.44133,-17.12053,1485321262,100.3252138,686.7441303,195.254195,606.5650103
5.63601,-19.70014,1477298848,101.6204034,702.685951,198.2329286,604.1292416
-63.85769,-54.86721,1387011638,100.9092574,700.7661836,204.4153627,595.8261133
-80.10987,44.35908,1346368813,101.2694927,693.8341916,200.7537228,605.7042398
-72.09276,8.12253,1429771730,97.67797648,714.0919553,205.1156443,613.6563169
61.73139,14.70504,1263117378,98.971736,682.8248061,205.212889,595.6186529
54.03591,3.67338,1380629817,101.7120342,704.9722247,201.1703326,605.436089
-53.85683,84.04029,1361537654,99.877733,706.4605106,209.9264822,586.1206865
28.23849,117.91943,1397031432,100.0445759,701.5143661,204.4126203,609.7725919
57.23711,11.03639,1289216153,98.97314084,689.3359131,205.5290775,593.9196698
